RespID,TujuanMenginap,Income_JutaRp,Harga_Novotel,Harga_Pullman,Iklan_Novotel,Iklan_Pullman,BrandPilihan
1,Bisnis,16.7,738000,1207000,0,0,Novotel
2,Bisnis,11.2,626000,1615000,0,1,Pullman
3,Leisure/Pribadi,20.6,911000,1301000,0,0,Novotel
4,Bisnis,3,914000,1204000,0,0,Pullman
5,Leisure/Pribadi,17.3,1100000,1837000,1,1,Novotel
6,Leisure/Pribadi,15.3,901000,1929000,0,0,Novotel
7,Bisnis,3,798000,1258000,1,0,Pullman
8,Leisure/Pribadi,36.8,1051000,1727000,0,0,Pullman
9,Bisnis,3,608000,1243000,0,0,Novotel
10,Leisure/Pribadi,4.2,751000,1666000,0,1,Novotel
11,Bisnis,3,976000,1699000,0,0,Pullman
12,Bisnis,26.1,681000,1669000,0,0,Novotel
13,Leisure/Pribadi,6.1,781000,1992000,0,0,Novotel
14,Bisnis,21.7,1025000,1691000,1,0,Novotel
15,Leisure/Pribadi,20.9,772000,1333000,0,1,Pullman
16,Leisure/Pribadi,17.6,721000,1946000,0,1,Novotel
17,Leisure/Pribadi,3,1045000,1439000,0,0,Novotel
18,Leisure/Pribadi,8.9,639000,1632000,0,0,Novotel
19,Leisure/Pribadi,31.7,1028000,1546000,0,0,Pullman
20,Leisure/Pribadi,3,758000,1845000,0,1,Novotel
21,Bisnis,6.7,704000,1267000,0,0,Pullman
22,Leisure/Pribadi,13.4,844000,1494000,1,0,Pullman
23,Leisure/Pribadi,23.1,842000,1554000,0,0,Pullman
24,Bisnis,17.5,1082000,1678000,0,0,Pullman
25,Bisnis,22.4,976000,1926000,0,0,Novotel
26,Bisnis,4.3,830000,1441000,0,0,Pullman
27,Bisnis,24.4,880000,1476000,0,1,Pullman
28,Leisure/Pribadi,20.7,759000,1738000,1,0,Novotel
29,Leisure/Pribadi,3,1091000,1367000,0,0,Novotel
30,Bisnis,30.4,793000,1608000,1,0,Novotel
31,Bisnis,37.9,1043000,1456000,0,1,Pullman
32,Leisure/Pribadi,7.3,928000,1699000,0,0,Novotel
33,Bisnis,15.6,1058000,1664000,0,1,Novotel
34,Bisnis,29,777000,1749000,1,0,Novotel
35,Bisnis,3,808000,1544000,0,1,Novotel
36,Bisnis,3,785000,1387000,0,0,Pullman
37,Leisure/Pribadi,3,1014000,1212000,1,0,Novotel
38,Bisnis,9.3,1077000,1681000,0,0,Pullman
39,Leisure/Pribadi,9.2,1012000,1380000,0,0,Novotel
40,Leisure/Pribadi,21.1,826000,1204000,0,0,Pullman
41,Bisnis,17.7,1015000,1500000,0,0,Novotel
42,Bisnis,3,965000,1419000,0,1,Pullman
43,Bisnis,20.7,860000,1746000,1,1,Pullman
44,Leisure/Pribadi,33.7,692000,1438000,0,0,Pullman
45,Bisnis,27,719000,1494000,0,0,Pullman
46,Bisnis,24.9,952000,1779000,0,0,Pullman
47,Bisnis,15.2,699000,1739000,0,0,Novotel
48,Bisnis,24.8,880000,1329000,0,0,Pullman
49,Leisure/Pribadi,5.3,1002000,1669000,0,0,Novotel
50,Bisnis,22.5,927000,1946000,0,0,Pullman
51,Bisnis,14.1,905000,1927000,0,0,Novotel
52,Bisnis,26.3,729000,1880000,0,0,Novotel
53,Leisure/Pribadi,19.7,660000,1426000,0,0,Novotel
54,Bisnis,4.1,617000,1968000,1,1,Novotel
55,Leisure/Pribadi,16.3,623000,1360000,0,1,Novotel
56,Leisure/Pribadi,27.2,716000,1522000,0,0,Pullman
57,Bisnis,3.7,879000,1291000,0,0,Pullman
58,Bisnis,9.4,812000,1652000,0,1,Pullman
59,Bisnis,7.3,702000,1778000,0,0,Pullman
60,Leisure/Pribadi,3,751000,1750000,0,0,Novotel
61,Leisure/Pribadi,24.6,831000,1206000,0,1,Pullman
62,Leisure/Pribadi,28.1,999000,1986000,0,0,Pullman
63,Bisnis,23,928000,1448000,0,0,Pullman
64,Bisnis,17.4,620000,1793000,0,0,Novotel
65,Bisnis,14.5,841000,1941000,0,0,Pullman
66,Leisure/Pribadi,17.4,693000,1824000,0,0,Novotel
67,Leisure/Pribadi,7.7,1027000,1619000,0,1,Novotel
68,Bisnis,23.9,1042000,1631000,0,0,Pullman
69,Bisnis,25.5,877000,1315000,0,1,Pullman
70,Bisnis,24.3,968000,1506000,0,0,Novotel
71,Leisure/Pribadi,9.7,943000,1858000,1,0,Novotel
72,Leisure/Pribadi,15.8,1008000,1745000,0,0,Novotel
73,Bisnis,13.3,739000,1731000,1,0,Pullman
74,Leisure/Pribadi,32.9,715000,1745000,0,0,Pullman
75,Bisnis,16.8,973000,1480000,0,1,Pullman
76,Leisure/Pribadi,3,1080000,1984000,0,0,Novotel
77,Bisnis,19,715000,1469000,1,0,Pullman
78,Bisnis,33.8,884000,1350000,0,1,Pullman
79,Bisnis,21.9,872000,1735000,0,1,Pullman
80,Bisnis,23.8,787000,1335000,1,0,Novotel
81,Bisnis,15.4,975000,1980000,0,0,Novotel
82,Leisure/Pribadi,3,666000,1660000,0,0,Novotel
83,Bisnis,3,786000,1296000,0,0,Pullman
84,Leisure/Pribadi,3,816000,1219000,0,0,Novotel
85,Bisnis,13.7,1076000,1681000,0,0,Pullman
86,Leisure/Pribadi,18.1,942000,1234000,0,0,Pullman
87,Bisnis,21.9,955000,1242000,0,0,Pullman
88,Leisure/Pribadi,11.6,1100000,1530000,0,1,Novotel
89,Leisure/Pribadi,24.6,713000,1559000,0,0,Pullman
90,Leisure/Pribadi,12.2,902000,1863000,0,0,Novotel
91,Bisnis,8,654000,1304000,1,1,Pullman
92,Leisure/Pribadi,23.5,681000,1895000,1,0,Pullman
93,Leisure/Pribadi,5.9,948000,1524000,0,0,Novotel
94,Leisure/Pribadi,3,1013000,1882000,0,0,Novotel
95,Leisure/Pribadi,4.4,918000,1321000,0,0,Novotel
96,Leisure/Pribadi,15.9,890000,1238000,0,0,Pullman
97,Leisure/Pribadi,3,995000,1549000,0,1,Novotel
98,Bisnis,11.4,1078000,1373000,0,0,Pullman
99,Leisure/Pribadi,11.7,1063000,1583000,0,0,Novotel
100,Bisnis,3,1004000,1856000,0,0,Pullman
101,Bisnis,3,816000,1908000,0,0,Pullman
102,Leisure/Pribadi,10.4,983000,1269000,0,0,Novotel
103,Bisnis,9.5,717000,1406000,0,0,Novotel
104,Bisnis,27.6,1052000,1444000,0,0,Pullman
105,Bisnis,18.7,740000,1339000,0,0,Novotel
106,Leisure/Pribadi,3,1090000,1574000,0,0,Novotel
107,Bisnis,6.5,751000,1243000,0,0,Pullman
108,Leisure/Pribadi,22.1,732000,1358000,0,1,Novotel
109,Bisnis,34,768000,1252000,0,1,Pullman
110,Leisure/Pribadi,18.9,843000,1566000,1,0,Pullman
111,Leisure/Pribadi,18.1,700000,1952000,1,0,Novotel
112,Leisure/Pribadi,33.6,732000,1323000,0,0,Pullman
113,Leisure/Pribadi,14.8,1042000,1910000,1,0,Pullman
114,Bisnis,11.9,1066000,1453000,1,0,Pullman
115,Bisnis,3,678000,1798000,0,0,Pullman
116,Leisure/Pribadi,9.9,821000,1874000,0,0,Novotel
117,Leisure/Pribadi,36.8,810000,1684000,0,0,Pullman
118,Leisure/Pribadi,3,1014000,1775000,0,0,Novotel
119,Bisnis,15.1,930000,1706000,1,0,Pullman
120,Leisure/Pribadi,3,804000,1944000,0,1,Novotel
121,Bisnis,16.3,994000,1823000,0,1,Pullman
122,Bisnis,23.9,903000,1536000,0,0,Pullman
123,Bisnis,12.6,705000,1433000,0,0,Pullman
124,Leisure/Pribadi,22.3,996000,1325000,0,0,Pullman
125,Leisure/Pribadi,22.2,833000,1610000,0,0,Pullman
126,Leisure/Pribadi,19.5,1043000,1383000,0,0,Pullman
127,Leisure/Pribadi,32.2,933000,1388000,1,1,Pullman
128,Leisure/Pribadi,22.8,676000,1906000,0,0,Pullman
129,Leisure/Pribadi,12,978000,1760000,0,0,Novotel
130,Leisure/Pribadi,8.2,891000,1632000,0,0,Novotel
131,Leisure/Pribadi,6.5,871000,1875000,0,0,Novotel
132,Bisnis,19.8,810000,1620000,0,0,Pullman
133,Bisnis,11.8,931000,1516000,0,0,Pullman
134,Bisnis,42.3,632000,1748000,0,0,Pullman
135,Bisnis,33.4,852000,1687000,0,1,Pullman
136,Bisnis,12.9,1068000,1367000,0,0,Pullman
137,Bisnis,11.7,702000,1455000,0,0,Novotel
138,Bisnis,31.9,669000,1649000,0,1,Pullman
139,Bisnis,3,805000,1375000,0,0,Pullman
140,Bisnis,10.5,860000,1934000,1,0,Novotel
141,Leisure/Pribadi,24.5,788000,1235000,0,0,Pullman
142,Leisure/Pribadi,5.9,842000,1901000,0,0,Novotel
143,Leisure/Pribadi,10.2,937000,1984000,1,0,Novotel
144,Leisure/Pribadi,11.5,996000,1692000,1,1,Pullman
145,Bisnis,21.6,626000,1370000,0,0,Pullman
146,Bisnis,16.4,791000,1848000,0,1,Pullman
147,Leisure/Pribadi,19,910000,1553000,0,1,Pullman
148,Bisnis,21,610000,1770000,0,0,Pullman
149,Bisnis,15.3,1075000,1458000,0,0,Pullman
150,Leisure/Pribadi,26.1,920000,1377000,0,0,Pullman
151,Bisnis,7.7,843000,1963000,0,0,Pullman
152,Leisure/Pribadi,3,824000,1261000,0,0,Pullman
153,Leisure/Pribadi,3,674000,1246000,0,1,Novotel
154,Bisnis,3,633000,1826000,0,0,Pullman
155,Leisure/Pribadi,9.5,940000,1820000,0,0,Novotel
156,Bisnis,25.3,1062000,1449000,0,0,Pullman
157,Leisure/Pribadi,16.7,996000,1499000,0,0,Pullman
158,Leisure/Pribadi,9,611000,1750000,0,0,Novotel
159,Leisure/Pribadi,4.3,619000,1680000,0,0,Novotel
160,Bisnis,9.7,856000,1719000,1,1,Pullman
161,Leisure/Pribadi,11,887000,1548000,0,0,Novotel
162,Bisnis,9.3,903000,1984000,0,0,Novotel
163,Bisnis,3,1038000,1318000,1,0,Novotel
164,Bisnis,10.2,1049000,1705000,0,1,Pullman
165,Bisnis,25.2,1095000,1365000,0,0,Pullman
166,Leisure/Pribadi,3,767000,1468000,0,0,Novotel
167,Leisure/Pribadi,12.6,834000,1438000,0,1,Novotel
168,Bisnis,3,1097000,1860000,0,0,Pullman
169,Leisure/Pribadi,16.8,950000,1664000,0,0,Novotel
170,Bisnis,7.5,629000,1465000,0,0,Pullman
171,Bisnis,3,1055000,1628000,0,0,Pullman
172,Leisure/Pribadi,16,908000,1569000,0,0,Pullman
173,Bisnis,33.2,697000,1635000,1,0,Novotel
174,Leisure/Pribadi,16.1,774000,1390000,0,0,Novotel
175,Leisure/Pribadi,26.6,889000,1499000,0,0,Pullman
176,Bisnis,14.3,926000,1567000,0,0,Novotel
177,Leisure/Pribadi,3,805000,1267000,1,0,Novotel
178,Leisure/Pribadi,19.9,972000,1211000,0,1,Novotel
179,Bisnis,10.8,866000,1675000,1,1,Pullman
180,Leisure/Pribadi,3,1087000,1366000,0,0,Novotel
181,Bisnis,22.8,1027000,1842000,1,0,Novotel
182,Leisure/Pribadi,17.9,675000,1220000,1,0,Pullman
183,Leisure/Pribadi,9.7,652000,1379000,1,1,Novotel
184,Bisnis,23.7,1027000,1704000,1,1,Pullman
185,Leisure/Pribadi,6.3,904000,1306000,0,0,Novotel
186,Leisure/Pribadi,21.4,1088000,1537000,0,0,Novotel
187,Bisnis,5.6,818000,1439000,0,0,Pullman
188,Leisure/Pribadi,20.3,690000,1415000,1,0,Novotel
189,Bisnis,4,618000,1388000,0,0,Pullman
190,Bisnis,29.9,984000,1981000,0,0,Novotel
191,Bisnis,17.5,642000,1456000,0,0,Pullman
192,Bisnis,29.3,922000,1294000,0,0,Pullman
193,Leisure/Pribadi,6.8,882000,1932000,0,0,Novotel
194,Bisnis,10.2,970000,1327000,0,0,Pullman
195,Leisure/Pribadi,23.4,1072000,1789000,0,0,Pullman
196,Leisure/Pribadi,3,718000,1727000,0,0,Novotel
197,Leisure/Pribadi,4.3,841000,1774000,1,0,Novotel
198,Leisure/Pribadi,25.3,976000,1819000,0,0,Pullman
199,Leisure/Pribadi,19.7,701000,1344000,0,0,Novotel
200,Leisure/Pribadi,24.8,646000,1230000,0,0,Pullman
201,Bisnis,11.9,669000,1545000,0,0,Novotel
202,Leisure/Pribadi,20.6,1066000,1556000,0,0,Novotel
203,Bisnis,7.7,995000,1389000,0,0,Pullman
204,Bisnis,3,700000,1848000,0,0,Novotel
205,Bisnis,3,608000,1287000,0,0,Pullman
206,Bisnis,9.5,919000,1598000,0,1,Pullman
207,Bisnis,9.5,761000,1623000,0,1,Pullman
208,Leisure/Pribadi,8.7,714000,1207000,0,0,Novotel
209,Bisnis,3,700000,1849000,0,0,Pullman
210,Leisure/Pribadi,3,836000,1487000,0,0,Novotel
211,Leisure/Pribadi,9.7,771000,1566000,0,0,Novotel
212,Bisnis,17.9,1070000,1329000,0,0,Pullman
213,Bisnis,9.2,883000,1519000,0,1,Pullman
214,Bisnis,6.2,1050000,1562000,0,0,Pullman
215,Bisnis,3,1062000,1682000,0,0,Pullman
216,Bisnis,35.2,1050000,1228000,0,0,Pullman
217,Leisure/Pribadi,4,849000,1542000,0,1,Novotel
218,Leisure/Pribadi,31.8,892000,1591000,0,0,Pullman
219,Bisnis,30.6,867000,1962000,0,0,Novotel
220,Bisnis,17.7,610000,1677000,1,0,Novotel
221,Leisure/Pribadi,9.3,1073000,1749000,0,0,Novotel
222,Bisnis,16.3,676000,1552000,1,1,Pullman
223,Leisure/Pribadi,3.5,877000,1595000,0,0,Novotel
224,Bisnis,17.6,941000,1986000,0,0,Pullman
225,Leisure/Pribadi,15,993000,1532000,0,0,Novotel
226,Bisnis,20.3,871000,1995000,0,0,Pullman
227,Leisure/Pribadi,24.5,920000,1688000,0,0,Pullman
228,Leisure/Pribadi,32.3,1014000,1933000,1,0,Pullman
229,Leisure/Pribadi,11.1,922000,1661000,0,0,Novotel
230,Leisure/Pribadi,25.4,933000,1857000,0,0,Pullman
231,Leisure/Pribadi,7.1,1027000,1858000,0,0,Novotel
232,Bisnis,6.1,637000,1509000,1,0,Pullman
233,Leisure/Pribadi,8.8,859000,1463000,1,1,Novotel
234,Bisnis,5.2,613000,1952000,0,0,Novotel
235,Bisnis,24.8,676000,1463000,1,0,Pullman
236,Bisnis,24.2,614000,1827000,0,1,Pullman
237,Bisnis,27.7,1033000,1342000,1,1,Pullman
238,Bisnis,14.7,765000,1591000,0,0,Novotel
239,Bisnis,17.7,861000,1502000,0,0,Pullman
240,Leisure/Pribadi,9.2,994000,1421000,1,0,Novotel
241,Leisure/Pribadi,3.5,944000,1390000,0,0,Pullman
242,Leisure/Pribadi,19.5,1063000,1972000,1,0,Pullman
243,Leisure/Pribadi,17.7,845000,1735000,1,0,Novotel
244,Bisnis,3.9,951000,1572000,0,0,Pullman
245,Leisure/Pribadi,20.9,1034000,1658000,0,0,Pullman
246,Leisure/Pribadi,3,654000,1876000,1,0,Novotel
247,Leisure/Pribadi,13.2,835000,1741000,0,0,Novotel
248,Leisure/Pribadi,8.7,644000,1303000,0,0,Novotel
249,Bisnis,9.7,878000,1369000,0,1,Novotel
250,Bisnis,4.2,757000,1913000,1,0,Novotel
251,Bisnis,24.5,1020000,1646000,0,0,Pullman
252,Leisure/Pribadi,20.7,834000,1672000,0,0,Novotel
253,Leisure/Pribadi,26.8,681000,1330000,0,0,Pullman
254,Bisnis,16.3,1037000,1310000,1,0,Pullman
255,Leisure/Pribadi,3,813000,1373000,0,1,Novotel
256,Leisure/Pribadi,11.2,610000,1460000,1,0,Novotel
257,Leisure/Pribadi,3.1,734000,1647000,1,1,Novotel
258,Leisure/Pribadi,19.5,792000,1498000,0,0,Pullman
259,Leisure/Pribadi,27,613000,1742000,1,0,Pullman
260,Leisure/Pribadi,18.2,670000,1545000,0,0,Novotel
261,Leisure/Pribadi,8.9,748000,1611000,0,0,Novotel
262,Bisnis,11.2,769000,1962000,0,0,Novotel
263,Leisure/Pribadi,16.9,819000,1234000,0,0,Pullman
264,Leisure/Pribadi,3,749000,1709000,0,0,Novotel
265,Bisnis,16.3,760000,1789000,0,0,Pullman
266,Leisure/Pribadi,16.8,831000,1344000,0,1,Pullman
267,Leisure/Pribadi,9.4,776000,1888000,0,0,Novotel
268,Bisnis,10.7,975000,1298000,1,1,Novotel
269,Bisnis,16.5,991000,1847000,1,1,Pullman
270,Leisure/Pribadi,6.6,609000,1354000,0,0,Novotel
271,Leisure/Pribadi,6.6,681000,1541000,1,0,Novotel
272,Leisure/Pribadi,22.6,651000,1516000,0,0,Pullman
273,Leisure/Pribadi,17,776000,1658000,0,0,Novotel
274,Bisnis,31.6,778000,1708000,0,0,Novotel
275,Leisure/Pribadi,4.9,975000,1232000,0,0,Novotel
276,Leisure/Pribadi,3,965000,1852000,0,0,Novotel
277,Bisnis,24.2,1041000,1621000,0,1,Pullman
278,Bisnis,24.3,941000,1935000,0,0,Pullman
279,Leisure/Pribadi,7.4,898000,1335000,0,0,Novotel
280,Leisure/Pribadi,3,1097000,1555000,0,0,Novotel
281,Leisure/Pribadi,14.3,921000,1964000,0,0,Novotel
282,Leisure/Pribadi,3,795000,1708000,0,0,Novotel
283,Bisnis,11.3,752000,1606000,0,0,Pullman
284,Bisnis,3,618000,1576000,0,0,Novotel
285,Leisure/Pribadi,12.3,1072000,1932000,0,0,Novotel
286,Bisnis,3,976000,1206000,0,0,Pullman
287,Bisnis,12.3,789000,1992000,0,0,Novotel
288,Bisnis,29.8,1038000,1577000,0,0,Pullman
289,Bisnis,12,981000,1857000,1,0,Pullman
290,Bisnis,22.4,833000,1587000,0,1,Pullman
291,Leisure/Pribadi,8.2,1078000,1862000,1,0,Novotel
292,Leisure/Pribadi,5.7,1046000,1279000,0,0,Novotel
293,Leisure/Pribadi,3,823000,1541000,0,0,Novotel
294,Bisnis,25,814000,1816000,0,1,Pullman
295,Bisnis,14,676000,1997000,0,0,Pullman
296,Bisnis,30.8,651000,1611000,0,0,Pullman
297,Leisure/Pribadi,3,779000,1259000,0,0,Novotel
298,Bisnis,12.3,707000,1798000,0,0,Pullman
299,Leisure/Pribadi,15.4,634000,1719000,0,1,Novotel
300,Leisure/Pribadi,28.7,968000,1320000,0,0,Pullman
301,Leisure/Pribadi,32.8,1081000,1368000,0,0,Pullman
302,Bisnis,8.1,944000,1602000,0,0,Novotel
303,Bisnis,3.2,1054000,1333000,0,0,Pullman
304,Leisure/Pribadi,3,1035000,1933000,0,0,Novotel
305,Leisure/Pribadi,27.9,923000,1993000,0,0,Pullman
306,Bisnis,13.6,861000,1802000,0,0,Pullman
307,Bisnis,8,779000,1875000,1,0,Novotel
308,Leisure/Pribadi,14,847000,1465000,0,0,Pullman
309,Bisnis,3,761000,1285000,1,0,Pullman
310,Leisure/Pribadi,3,686000,1783000,0,0,Novotel
311,Leisure/Pribadi,23.8,848000,1835000,0,0,Pullman
312,Bisnis,18.4,931000,1756000,0,0,Pullman
313,Bisnis,16,893000,1342000,1,0,Novotel
314,Leisure/Pribadi,4.5,969000,1221000,0,0,Novotel
315,Leisure/Pribadi,20.4,768000,1644000,1,0,Novotel
316,Bisnis,32.3,600000,1320000,0,0,Novotel
317,Bisnis,3,706000,1436000,0,0,Pullman
318,Bisnis,14.6,745000,1581000,0,0,Pullman
319,Leisure/Pribadi,10.1,877000,1401000,0,0,Novotel
320,Leisure/Pribadi,18.1,795000,1946000,0,0,Novotel
321,Leisure/Pribadi,14.6,929000,1457000,0,0,Novotel
322,Leisure/Pribadi,13,712000,1649000,0,0,Novotel
323,Bisnis,5.6,834000,1978000,0,0,Pullman
324,Leisure/Pribadi,14.3,601000,1737000,0,0,Novotel
325,Leisure/Pribadi,8.3,943000,1509000,0,1,Novotel
326,Leisure/Pribadi,13,1033000,1802000,0,1,Pullman
327,Bisnis,13.8,1029000,1355000,0,1,Pullman
328,Leisure/Pribadi,21,1037000,1283000,0,1,Novotel
329,Leisure/Pribadi,8.6,698000,1231000,0,0,Novotel
330,Leisure/Pribadi,11.2,1091000,1734000,0,0,Novotel
331,Leisure/Pribadi,25.2,876000,1726000,1,0,Novotel
332,Bisnis,12.3,693000,1737000,0,0,Pullman
333,Bisnis,11.8,646000,1739000,1,0,Novotel
334,Leisure/Pribadi,23.1,635000,1666000,0,0,Pullman
335,Leisure/Pribadi,17.2,918000,1953000,0,0,Novotel
336,Bisnis,15.4,914000,1568000,0,1,Pullman
337,Bisnis,16.7,993000,1299000,0,1,Pullman
338,Leisure/Pribadi,3,929000,1400000,0,0,Novotel
339,Bisnis,19.1,860000,1527000,0,0,Pullman
340,Bisnis,27.7,681000,1690000,0,0,Pullman
341,Leisure/Pribadi,20.3,967000,1486000,1,0,Novotel
342,Bisnis,3,602000,1549000,0,0,Pullman
343,Leisure/Pribadi,17.4,930000,1435000,0,0,Pullman
344,Leisure/Pribadi,5.5,683000,1782000,0,0,Novotel
345,Leisure/Pribadi,12.3,679000,1876000,0,0,Novotel
346,Bisnis,15.8,1053000,1471000,0,1,Pullman
347,Leisure/Pribadi,3,1064000,1840000,0,0,Novotel
348,Bisnis,27.9,960000,1358000,0,1,Pullman
349,Leisure/Pribadi,13.9,714000,1980000,0,0,Novotel
350,Bisnis,22.5,835000,1485000,0,1,Pullman
351,Leisure/Pribadi,20.9,773000,1729000,0,0,Pullman
352,Bisnis,28,659000,1682000,1,0,Pullman
353,Bisnis,26.5,718000,1266000,0,0,Pullman
354,Leisure/Pribadi,3,629000,1669000,0,0,Novotel
355,Leisure/Pribadi,15,1086000,1237000,0,0,Novotel
356,Leisure/Pribadi,3,718000,1588000,0,0,Novotel
357,Leisure/Pribadi,10.2,794000,1630000,0,0,Novotel
358,Bisnis,21.8,723000,1962000,0,1,Novotel
359,Leisure/Pribadi,23.8,926000,1346000,0,0,Novotel
360,Leisure/Pribadi,27.5,881000,1239000,0,0,Novotel
361,Bisnis,10.9,983000,1702000,0,1,Pullman
362,Leisure/Pribadi,17.9,606000,1448000,0,0,Pullman
363,Bisnis,15.6,702000,1640000,0,0,Novotel
364,Bisnis,27.3,899000,1404000,0,1,Pullman
365,Bisnis,30.6,888000,1752000,1,0,Novotel
366,Bisnis,11.1,1012000,1301000,0,0,Pullman
367,Leisure/Pribadi,52.5,640000,1610000,0,0,Pullman
368,Leisure/Pribadi,14.6,786000,1817000,0,0,Novotel
369,Leisure/Pribadi,11,802000,1914000,1,1,Novotel
370,Bisnis,20.7,857000,1462000,0,0,Pullman
371,Leisure/Pribadi,22.3,776000,1639000,0,0,Novotel
372,Bisnis,20.2,967000,1963000,1,1,Pullman
373,Leisure/Pribadi,8.2,652000,1311000,0,0,Novotel
374,Leisure/Pribadi,29.4,630000,1864000,0,1,Pullman
375,Bisnis,15.3,757000,1786000,0,0,Novotel
376,Leisure/Pribadi,30.1,645000,1973000,0,0,Pullman
377,Leisure/Pribadi,28.7,796000,1591000,0,0,Pullman
378,Bisnis,3,889000,1564000,0,1,Pullman
379,Bisnis,5,642000,1636000,0,0,Pullman
380,Bisnis,4.8,830000,1489000,1,0,Novotel
381,Leisure/Pribadi,17.3,878000,1247000,0,0,Novotel
382,Bisnis,15.3,882000,1655000,1,0,Novotel
383,Bisnis,17.5,615000,1512000,0,0,Pullman
384,Bisnis,6.7,987000,1604000,0,1,Pullman
385,Leisure/Pribadi,19.1,961000,1760000,0,0,Pullman
386,Leisure/Pribadi,28.9,749000,1515000,0,0,Pullman
387,Leisure/Pribadi,3,836000,1330000,1,1,Novotel
388,Bisnis,12.9,970000,1865000,0,1,Pullman
389,Leisure/Pribadi,17.3,1017000,1955000,0,0,Novotel
390,Leisure/Pribadi,13.5,724000,1388000,0,0,Novotel
391,Leisure/Pribadi,12.9,985000,1689000,0,0,Novotel
392,Bisnis,32.5,812000,1502000,0,0,Pullman
393,Leisure/Pribadi,27.7,1077000,1762000,1,0,Pullman
394,Bisnis,23.3,1039000,1244000,0,0,Pullman
395,Leisure/Pribadi,7.2,779000,1936000,0,1,Novotel
396,Leisure/Pribadi,37.3,780000,1884000,0,0,Pullman
397,Bisnis,18.5,843000,1311000,0,0,Pullman
398,Leisure/Pribadi,9.1,1080000,1713000,0,0,Novotel
399,Leisure/Pribadi,11.5,672000,1464000,0,0,Novotel
400,Leisure/Pribadi,10,874000,1368000,1,0,Novotel
401,Bisnis,36.1,924000,1878000,0,0,Pullman
402,Bisnis,16.9,960000,1802000,0,0,Pullman
403,Bisnis,15.5,634000,1662000,0,0,Pullman
404,Leisure/Pribadi,3,900000,1696000,0,0,Novotel
405,Bisnis,22.2,825000,1896000,1,0,Novotel
406,Leisure/Pribadi,4.3,770000,1473000,0,0,Novotel
407,Leisure/Pribadi,3.6,1085000,1594000,1,0,Novotel
408,Bisnis,21,653000,1384000,0,0,Novotel
409,Leisure/Pribadi,6.2,954000,1562000,0,0,Novotel
410,Leisure/Pribadi,23.2,702000,1337000,0,0,Pullman
411,Bisnis,26.1,1074000,1476000,1,0,Novotel
412,Leisure/Pribadi,3,850000,1715000,0,0,Novotel
413,Bisnis,13.5,827000,1421000,0,0,Pullman
414,Leisure/Pribadi,3,724000,1722000,0,0,Novotel
415,Leisure/Pribadi,14.3,867000,1838000,0,1,Pullman
416,Leisure/Pribadi,24,1032000,1704000,0,0,Pullman
417,Bisnis,3,636000,1575000,0,0,Novotel
418,Bisnis,32.9,929000,1513000,1,0,Pullman
419,Bisnis,11.8,673000,1258000,0,0,Novotel
420,Leisure/Pribadi,3,713000,1813000,0,1,Novotel
421,Bisnis,13.6,1027000,1964000,1,0,Pullman
422,Leisure/Pribadi,22.8,636000,1393000,0,0,Pullman
423,Leisure/Pribadi,3,966000,1757000,1,0,Novotel
424,Bisnis,14.9,629000,1682000,1,0,Novotel
425,Leisure/Pribadi,3,855000,1850000,0,0,Novotel
426,Bisnis,26.9,912000,1746000,0,0,Pullman
427,Leisure/Pribadi,16.4,673000,1357000,0,0,Pullman
428,Leisure/Pribadi,10.6,1001000,1308000,1,0,Novotel
429,Bisnis,25.2,711000,1469000,0,1,Novotel
430,Leisure/Pribadi,3,838000,1349000,0,0,Novotel
431,Leisure/Pribadi,10.9,720000,1682000,0,1,Novotel
432,Leisure/Pribadi,33.3,982000,1270000,0,1,Pullman
433,Leisure/Pribadi,13.6,726000,1740000,1,0,Novotel
434,Bisnis,28.4,731000,1828000,1,0,Pullman
435,Bisnis,16.8,606000,1233000,1,1,Pullman
436,Bisnis,7.8,1050000,1910000,0,0,Pullman
437,Bisnis,12.3,617000,1856000,0,0,Pullman
438,Leisure/Pribadi,15.6,757000,1234000,0,0,Pullman
439,Leisure/Pribadi,10.7,924000,1638000,0,1,Novotel
440,Leisure/Pribadi,6.6,766000,1222000,1,0,Novotel
441,Leisure/Pribadi,7,899000,1581000,0,0,Novotel
442,Bisnis,3,782000,1265000,0,0,Novotel
443,Bisnis,15.9,1040000,1661000,0,0,Pullman
444,Leisure/Pribadi,18.7,679000,1262000,0,0,Novotel
445,Bisnis,22.3,609000,1271000,0,0,Pullman
446,Bisnis,3,650000,1977000,1,0,Pullman
447,Leisure/Pribadi,22.8,862000,1847000,0,0,Novotel
448,Bisnis,14.6,896000,1738000,0,1,Pullman
449,Bisnis,3,1017000,1830000,0,0,Pullman
450,Leisure/Pribadi,15.8,1077000,1371000,0,0,Novotel
451,Leisure/Pribadi,22.9,801000,1283000,0,0,Pullman
452,Bisnis,20,1012000,1458000,1,0,Novotel
453,Leisure/Pribadi,22,803000,1809000,0,0,Pullman
454,Bisnis,24.2,785000,1804000,0,0,Pullman
455,Leisure/Pribadi,23.7,666000,1774000,0,0,Pullman
456,Leisure/Pribadi,14.4,1034000,1534000,0,0,Novotel
457,Bisnis,3,768000,1607000,0,0,Pullman
458,Bisnis,7.2,923000,1792000,0,0,Novotel
459,Leisure/Pribadi,18.3,859000,1670000,1,1,Novotel
460,Leisure/Pribadi,10.1,1098000,1377000,0,0,Novotel
461,Bisnis,21.6,728000,1576000,1,1,Pullman
462,Leisure/Pribadi,22.8,876000,1948000,0,0,Pullman
463,Leisure/Pribadi,15.3,995000,1969000,0,0,Novotel
464,Bisnis,33.6,696000,1262000,0,0,Pullman
465,Leisure/Pribadi,5,1012000,1296000,0,1,Novotel
466,Bisnis,24.1,879000,1246000,0,1,Pullman
467,Bisnis,10.1,652000,1604000,0,0,Pullman
468,Bisnis,7,1084000,1919000,0,0,Pullman
469,Bisnis,20.7,806000,1612000,0,0,Novotel
470,Bisnis,8.6,838000,1466000,0,1,Pullman
471,Bisnis,23.4,992000,1905000,0,1,Pullman
472,Leisure/Pribadi,3.1,1082000,1393000,0,0,Novotel
473,Bisnis,15.2,723000,1640000,0,0,Novotel
474,Bisnis,6.4,668000,1908000,0,0,Novotel
475,Bisnis,12.5,972000,1897000,0,0,Novotel
476,Bisnis,11.1,939000,1306000,0,0,Pullman
477,Bisnis,3.5,823000,1444000,0,1,Novotel
478,Leisure/Pribadi,21.4,924000,1526000,0,1,Novotel
479,Leisure/Pribadi,3,1072000,1818000,0,1,Novotel
480,Leisure/Pribadi,5,1021000,1749000,0,1,Novotel
481,Bisnis,23.7,884000,1629000,1,0,Pullman
482,Leisure/Pribadi,24.5,1054000,1501000,0,0,Pullman
483,Leisure/Pribadi,21.5,1056000,1430000,0,1,Pullman
484,Leisure/Pribadi,18.2,986000,1666000,1,0,Novotel
485,Leisure/Pribadi,37.6,659000,1843000,0,0,Pullman
486,Bisnis,3,881000,1481000,0,0,Novotel
487,Leisure/Pribadi,7.4,904000,1427000,0,0,Novotel
488,Leisure/Pribadi,4.9,1040000,1208000,0,1,Novotel
489,Leisure/Pribadi,23.8,858000,1288000,0,0,Pullman
490,Bisnis,17.7,906000,1305000,1,0,Pullman
491,Leisure/Pribadi,25.9,958000,1546000,1,1,Novotel
492,Bisnis,24.6,642000,1821000,0,0,Novotel
493,Leisure/Pribadi,12.6,628000,1524000,1,1,Novotel
494,Bisnis,6.6,615000,1317000,0,1,Pullman
495,Bisnis,4.9,653000,1334000,0,0,Pullman
496,Bisnis,37,728000,1962000,0,0,Pullman
497,Bisnis,24.5,624000,1696000,0,1,Novotel
498,Leisure/Pribadi,20.8,898000,1437000,0,1,Pullman
499,Bisnis,11.5,886000,1876000,0,1,Pullman
500,Bisnis,12.9,828000,1958000,0,0,Pullman
