Date,DayName,OwnPrice (Rp),CompetitorPrice (Rp),Occupancy (%)
2025-01-01,Wednesday,1499179,1490434,99.4
2025-01-02,Thursday,1755757,1466462,73.0
2025-01-03,Friday,1769803,1716859,65.9
2025-01-04,Saturday,1812768,1660975,95.3
2025-01-05,Sunday,1722589,1226016,82.8
2025-01-06,Monday,1234428,1271792,89.4
2025-01-07,Tuesday,1147994,1171924,100.0
2025-01-08,Wednesday,1318556,1541882,37.3
2025-01-09,Thursday,1238904,1552731,45.5
2025-01-10,Friday,1468925,1374840,71.2
2025-01-11,Saturday,1469488,2355683,99.9
2025-01-12,Sunday,1332687,2046763,87.8
2025-01-13,Monday,1427216,1035082,40.2
2025-01-14,Tuesday,1424215,1709617,85.1
2025-01-15,Wednesday,1346088,1449724,35.6
2025-01-16,Thursday,956031,1157872,69.9
2025-01-17,Friday,1168724,897392,21.7
2025-01-18,Saturday,1227580,1307539,96.1
2025-01-19,Sunday,1567440,1693507,81.6
2025-01-20,Monday,1038158,1316253,68.0
2025-01-21,Tuesday,1004165,1212868,26.7
2025-01-22,Wednesday,860759,1412505,97.8
2025-01-23,Thursday,1085598,1450707,58.3
2025-01-24,Friday,970976,1322279,85.7
2025-01-25,Saturday,1311402,1845514,63.8
2025-01-26,Sunday,1517257,1490891,87.0
2025-01-27,Monday,1118352,852486,20.0
2025-01-28,Tuesday,1171423,1545579,37.8
2025-01-29,Wednesday,938301,1149649,68.5
2025-01-30,Thursday,1165750,1144048,37.9
2025-01-31,Friday,1119416,1443729,34.4
2025-02-01,Saturday,1241361,1375894,75.4
2025-02-02,Sunday,1391069,1532653,90.1
2025-02-03,Monday,1053083,966926,22.5
2025-02-04,Tuesday,1031457,1089545,35.8
2025-02-05,Wednesday,1180810,1627237,54.1
2025-02-06,Thursday,1151510,1235111,20.0
2025-02-07,Friday,1094697,1262046,87.9
2025-02-08,Saturday,1273833,1542371,89.7
2025-02-09,Sunday,1039517,1744277,97.5
2025-02-10,Monday,1258206,1068123,41.7
2025-02-11,Tuesday,819630,1367371,100.0
2025-02-12,Wednesday,901893,1136740,56.0
2025-02-13,Thursday,999305,939867,35.9
2025-02-14,Friday,887539,1344718,48.5
2025-02-15,Saturday,1691984,1282019,86.8
2025-02-16,Sunday,1515244,1174593,92.3
2025-02-17,Monday,1361429,928503,20.0
2025-02-18,Tuesday,1151977,1406365,20.0
2025-02-19,Wednesday,835909,1354388,77.3
2025-02-20,Thursday,1150099,1319290,25.5
2025-02-21,Friday,1146451,1308614,24.7
2025-02-22,Saturday,1767786,1583720,78.1
2025-02-23,Sunday,1477573,1236076,97.9
2025-02-24,Monday,1331719,1085864,26.9
2025-02-25,Tuesday,1182556,1414412,76.0
2025-02-26,Wednesday,1050922,1099253,20.5
2025-02-27,Thursday,936838,1234580,62.0
2025-02-28,Friday,1155338,1415437,43.0
2025-03-01,Saturday,1668848,1406482,100.0
2025-03-02,Sunday,1470160,1264282,79.3
2025-03-03,Monday,1196494,1205307,41.7
2025-03-04,Tuesday,1194648,1235434,20.0
2025-03-05,Wednesday,797031,1160697,82.1
2025-03-06,Thursday,1142819,1000852,26.6
2025-03-07,Friday,1177063,1073229,26.4
2025-03-08,Saturday,1333970,1195687,93.6
2025-03-09,Sunday,1454588,1729932,100.0
2025-03-10,Monday,824466,1062435,68.0
2025-03-11,Tuesday,1202757,1353010,100.0
2025-03-12,Wednesday,1214178,1477113,58.1
2025-03-13,Thursday,1230278,1186946,38.2
2025-03-14,Friday,945435,1202636,43.9
2025-03-15,Saturday,1339650,2025518,71.3
2025-03-16,Sunday,1484702,1082948,85.3
2025-03-17,Monday,1317790,1262856,20.0
2025-03-18,Tuesday,956939,1385920,47.2
2025-03-19,Wednesday,1143292,1259114,23.7
2025-03-20,Thursday,1528789,1376784,20.0
2025-03-21,Friday,1137291,1117643,45.8
2025-03-22,Saturday,1129795,1442463,95.0
2025-03-23,Sunday,1527781,1181929,86.7
2025-03-24,Monday,1005011,1119334,76.5
2025-03-25,Tuesday,1180996,997823,36.7
2025-03-26,Wednesday,1524431,1456493,20.0
2025-03-27,Thursday,1003153,1503382,48.9
2025-03-28,Friday,1188764,1404927,21.3
2025-03-29,Saturday,1305714,692096,79.8
2025-03-30,Sunday,1259384,1170532,100.0
2025-03-31,Monday,813972,1161991,66.7
2025-04-01,Tuesday,1388255,962828,20.0
2025-04-02,Wednesday,1102047,1053698,38.8
2025-04-03,Thursday,1139812,1129957,31.3
2025-04-04,Friday,1022937,1272703,61.4
2025-04-05,Saturday,1700644,1172924,100.0
2025-04-06,Sunday,851499,1433572,95.9
2025-04-07,Monday,1156198,1125460,24.2
2025-04-08,Tuesday,1001400,1132127,60.1
2025-04-09,Wednesday,1171403,1111418,43.0
2025-04-10,Thursday,1161460,1412572,53.9
2025-04-11,Friday,934201,1137964,65.2
2025-04-12,Saturday,1466489,1464984,91.2
2025-04-13,Sunday,1626640,1328023,95.5
2025-04-14,Monday,1059561,1206464,62.7
2025-04-15,Tuesday,1265083,1412702,56.4
2025-04-16,Wednesday,1104201,1386391,40.5
2025-04-17,Thursday,1164833,1223971,34.1
2025-04-18,Friday,1219031,1086356,59.7
2025-04-19,Saturday,1078556,1178595,100.0
2025-04-20,Sunday,1509999,1619789,96.3
2025-04-21,Monday,1097551,1070549,32.7
2025-04-22,Tuesday,964568,1445024,60.5
2025-04-23,Wednesday,934901,1185723,61.1
2025-04-24,Thursday,1974510,2021112,100.0
2025-04-25,Friday,2297475,2447987,100.0
2025-04-26,Saturday,1198334,1356951,92.3
2025-04-27,Sunday,972460,1132209,82.8
2025-04-28,Monday,1057311,1312182,75.4
2025-04-29,Tuesday,1271532,1218012,20.9
2025-04-30,Wednesday,899494,1246297,54.4
2025-05-01,Thursday,1164544,1084554,35.1
2025-05-02,Friday,1406548,1228248,20.0
2025-05-03,Saturday,1485635,1373707,92.2
2025-05-04,Sunday,1323022,1493442,82.3
2025-05-05,Monday,1104902,1349600,72.1
2025-05-06,Tuesday,1291854,1680636,27.8
2025-05-07,Wednesday,1274464,1286668,66.0
2025-05-08,Thursday,938340,1082056,36.4
2025-05-09,Friday,675221,1144849,62.8
2025-05-10,Saturday,1356095,1552021,100.0
2025-05-11,Sunday,1548102,1331543,81.0
2025-05-12,Monday,1198384,985953,51.8
2025-05-13,Tuesday,1335888,1156165,20.0
2025-05-14,Wednesday,1370774,1227092,35.3
2025-05-15,Thursday,781114,1130125,66.0
2025-05-16,Friday,1109396,1159987,46.4
2025-05-17,Saturday,1063771,1435829,91.2
2025-05-18,Sunday,1443465,1640788,78.8
2025-05-19,Monday,793177,1505535,89.8
2025-05-20,Tuesday,950303,1560230,72.7
2025-05-21,Wednesday,1335859,1263504,56.2
2025-05-22,Thursday,1451068,1200207,20.9
2025-05-23,Friday,1229075,1523726,22.4
2025-05-24,Saturday,1484652,1724022,72.4
2025-05-25,Sunday,1036018,980584,87.3
2025-05-26,Monday,1243508,1550471,42.1
2025-05-27,Tuesday,1425723,973980,20.0
2025-05-28,Wednesday,1088890,1326813,44.3
2025-05-29,Thursday,686512,1232176,55.7
2025-05-30,Friday,1233935,1323320,20.0
2025-05-31,Saturday,1196672,1215789,89.4
2025-06-01,Sunday,1936543,1504282,100.0
2025-06-02,Monday,1242436,1326782,76.8
2025-06-03,Tuesday,1116189,1386588,44.1
2025-06-04,Wednesday,1866181,1533816,59.0
2025-06-05,Thursday,1428495,1496918,73.4
2025-06-06,Friday,1528542,1714377,64.1
2025-06-07,Saturday,1477255,1717484,77.0
2025-06-08,Sunday,1195443,2210062,100.0
2025-06-09,Monday,1312741,1669139,89.3
2025-06-10,Tuesday,2144720,1804894,76.2
2025-06-11,Wednesday,1136115,1123388,86.1
2025-06-12,Thursday,1185912,1169437,60.6
2025-06-13,Friday,1104613,1946785,100.0
2025-06-14,Saturday,1647608,2243983,100.0
2025-06-15,Sunday,1391615,2256937,100.0
2025-06-16,Monday,1115688,1477415,53.7
2025-06-17,Tuesday,1029300,1756544,100.0
2025-06-18,Wednesday,1025358,1665742,60.5
2025-06-19,Thursday,1253219,1376902,54.1
2025-06-20,Friday,1387130,1317262,88.1
2025-06-21,Saturday,1634929,1728316,90.9
2025-06-22,Sunday,1476969,2026617,100.0
2025-06-23,Monday,1130611,1549833,100.0
2025-06-24,Tuesday,957649,1660840,60.1
2025-06-25,Wednesday,1517650,1334185,25.9
2025-06-26,Thursday,968114,1537021,87.8
2025-06-27,Friday,1148921,1684648,30.2
2025-06-28,Saturday,1630176,1436695,93.5
2025-06-29,Sunday,1664220,1541876,96.2
2025-06-30,Monday,1626573,1380777,100.0
2025-07-01,Tuesday,1092573,1657451,100.0
2025-07-02,Wednesday,757089,1325776,97.3
2025-07-03,Thursday,1324239,1617786,61.9
2025-07-04,Friday,1396647,1486081,100.0
2025-07-05,Saturday,1726326,1901281,95.9
2025-07-06,Sunday,1503718,1670233,100.0
2025-07-07,Monday,1269754,1597444,100.0
2025-07-08,Tuesday,1592781,1443494,100.0
2025-07-09,Wednesday,1272981,1015469,49.8
2025-07-10,Thursday,907302,1437122,80.6
2025-07-11,Friday,1794109,1606732,73.4
2025-07-12,Saturday,1898822,1136659,100.0
2025-07-13,Sunday,1881260,1356424,100.0
2025-07-14,Monday,1459624,1421178,99.0
2025-07-15,Tuesday,1942673,1570467,87.4
2025-07-16,Wednesday,1260160,1312539,100.0
2025-07-17,Thursday,1160979,1542892,65.7
2025-07-18,Friday,1494745,1608416,100.0
2025-07-19,Saturday,1496995,1719038,90.2
2025-07-20,Sunday,1516712,1913190,100.0
2025-07-21,Monday,1144459,1742401,100.0
2025-07-22,Tuesday,1478359,1994199,56.8
2025-07-23,Wednesday,1063836,1080320,100.0
2025-07-24,Thursday,1538591,1511104,88.4
2025-07-25,Friday,1093628,2136438,83.9
2025-07-26,Saturday,1682818,2017730,100.0
2025-07-27,Sunday,1717165,1562858,100.0
2025-07-28,Monday,1845506,1861355,100.0
2025-07-29,Tuesday,1247196,1277599,76.2
2025-07-30,Wednesday,1388931,1798548,29.2
2025-07-31,Thursday,1757388,1485498,67.2
2025-08-01,Friday,897579,919029,59.3
2025-08-02,Saturday,1337596,1160409,77.0
2025-08-03,Sunday,1239412,1870565,87.4
2025-08-04,Monday,799371,1200851,62.4
2025-08-05,Tuesday,560623,1239141,89.0
2025-08-06,Wednesday,1239241,1619791,66.0
2025-08-07,Thursday,1046222,1028695,83.2
2025-08-08,Friday,1111844,1252786,38.5
2025-08-09,Saturday,1367540,1435354,84.3
2025-08-10,Sunday,1188754,1462139,84.6
2025-08-11,Monday,957431,1271286,50.5
2025-08-12,Tuesday,1400799,719806,20.0
2025-08-13,Wednesday,1349217,835322,20.0
2025-08-14,Thursday,1025712,968498,20.0
2025-08-15,Friday,877885,1600454,97.5
2025-08-16,Saturday,1625173,1643201,78.7
2025-08-17,Sunday,1194115,1587450,77.8
2025-08-18,Monday,1242600,1201935,20.0
2025-08-19,Tuesday,1242192,1338853,23.4
2025-08-20,Wednesday,1331866,1033787,20.0
2025-08-21,Thursday,1218620,1188091,31.2
2025-08-22,Friday,849777,1434805,70.7
2025-08-23,Saturday,1194546,1721762,83.0
2025-08-24,Sunday,981969,1096409,96.1
2025-08-25,Monday,843914,1600959,43.6
2025-08-26,Tuesday,1439291,1292203,20.0
2025-08-27,Wednesday,991016,1329827,54.2
2025-08-28,Thursday,2641321,2395691,100.0
2025-08-29,Friday,2260121,2204555,100.0
2025-08-30,Saturday,1306333,1543872,72.9
2025-08-31,Sunday,996435,1648383,91.7
2025-09-01,Monday,1063203,1253687,50.5
2025-09-02,Tuesday,992048,1094339,46.7
2025-09-03,Wednesday,904325,1331651,31.3
2025-09-04,Thursday,1305831,1344519,29.0
2025-09-05,Friday,1296538,1583095,56.3
2025-09-06,Saturday,878190,1162902,83.8
2025-09-07,Sunday,1326262,1594238,82.7
2025-09-08,Monday,1137353,1098923,20.0
2025-09-09,Tuesday,818668,1065353,33.2
2025-09-10,Wednesday,904825,1460728,52.0
2025-09-11,Thursday,1626476,1348664,20.0
2025-09-12,Friday,928328,1390062,53.2
2025-09-13,Saturday,1349282,2084420,89.0
2025-09-14,Sunday,1595826,1301238,89.7
2025-09-15,Monday,1454160,1124607,32.8
2025-09-16,Tuesday,1241550,1137507,32.2
2025-09-17,Wednesday,1294511,1374362,20.0
2025-09-18,Thursday,954573,1200496,50.7
2025-09-19,Friday,1224134,1285540,20.0
2025-09-20,Saturday,1411247,1616541,95.6
2025-09-21,Sunday,1579387,1670141,94.6
2025-09-22,Monday,1085967,917808,33.0
2025-09-23,Tuesday,1141538,1304316,20.0
2025-09-24,Wednesday,883789,1460631,71.4
2025-09-25,Thursday,1236300,1255664,27.2
2025-09-26,Friday,1287657,1146791,20.0
2025-09-27,Saturday,1209054,1365721,86.9
2025-09-28,Sunday,1373312,1355100,100.0
2025-09-29,Monday,921079,1212626,47.7
2025-09-30,Tuesday,1389396,1289311,32.6
2025-10-01,Wednesday,802888,1303410,89.3
2025-10-02,Thursday,1116457,1463096,39.2
2025-10-03,Friday,1381869,1709780,27.9
2025-10-04,Saturday,1213079,1818812,100.0
2025-10-05,Sunday,1194514,1369155,87.2
2025-10-06,Monday,831110,1066270,38.6
2025-10-07,Tuesday,946440,1243063,59.5
2025-10-08,Wednesday,1410100,1050329,20.0
2025-10-09,Thursday,1057202,1240107,56.6
2025-10-10,Friday,875456,1326482,69.4
2025-10-11,Saturday,1438188,1539400,100.0
2025-10-12,Sunday,1166942,1342561,83.8
2025-10-13,Monday,988905,1122523,67.3
2025-10-14,Tuesday,1384101,1135851,20.0
2025-10-15,Wednesday,1194283,1139555,37.1
2025-10-16,Thursday,1140585,946851,50.2
2025-10-17,Friday,1459176,1127442,20.0
2025-10-18,Saturday,1388608,1550270,96.6
2025-10-19,Sunday,1802449,1427533,82.0
2025-10-20,Monday,824136,1103814,59.6
2025-10-21,Tuesday,1458912,1146478,20.0
2025-10-22,Wednesday,1096715,1487679,100.0
2025-10-23,Thursday,993826,1152112,65.6
2025-10-24,Friday,1236378,1619341,55.9
2025-10-25,Saturday,1233770,1611757,100.0
2025-10-26,Sunday,1516916,1591746,100.0
2025-10-27,Monday,1333859,1526432,42.8
2025-10-28,Tuesday,1066576,1279343,67.7
2025-10-29,Wednesday,936613,1323735,52.6
2025-10-30,Thursday,2211498,2861381,100.0
2025-10-31,Friday,2276440,2368575,100.0
2025-11-01,Saturday,993635,1649101,96.5
2025-11-02,Sunday,1839181,1396133,92.2
2025-11-03,Monday,1149877,1565491,49.0
2025-11-04,Tuesday,1155804,1371579,44.0
2025-11-05,Wednesday,1010713,1288818,71.3
2025-11-06,Thursday,894697,1276594,48.6
2025-11-07,Friday,1339009,945363,20.0
2025-11-08,Saturday,1410531,1845726,89.3
2025-11-09,Sunday,1186752,1921478,75.5
2025-11-10,Monday,660239,1338003,78.8
2025-11-11,Tuesday,895753,1391671,72.1
2025-11-12,Wednesday,987184,993939,55.1
2025-11-13,Thursday,1230040,1230165,61.1
2025-11-14,Friday,885983,944895,33.0
2025-11-15,Saturday,1309059,1528401,87.6
2025-11-16,Sunday,1404493,1169631,100.0
2025-11-17,Monday,1083570,1473459,59.3
2025-11-18,Tuesday,1191351,1363953,45.1
2025-11-19,Wednesday,1228545,1515831,44.2
2025-11-20,Thursday,1241801,1232053,52.3
2025-11-21,Friday,964722,1610188,70.8
2025-11-22,Saturday,976614,1500745,83.2
2025-11-23,Sunday,1521754,1313370,85.5
2025-11-24,Monday,722092,1159539,27.2
2025-11-25,Tuesday,783219,1402083,94.2
2025-11-26,Wednesday,1185092,1056605,20.9
2025-11-27,Thursday,1099279,1018327,57.1
2025-11-28,Friday,1275472,1205807,20.8
2025-11-29,Saturday,1370012,979984,87.5
2025-11-30,Sunday,1156324,1229611,87.2
2025-12-01,Monday,1459537,1378169,20.0
2025-12-02,Tuesday,1214517,1529871,60.1
2025-12-03,Wednesday,1111926,1120613,45.6
2025-12-04,Thursday,1178697,1429039,53.2
2025-12-05,Friday,1309911,1142953,38.7
2025-12-06,Saturday,1367424,1968063,83.1
2025-12-07,Sunday,1736631,1517499,83.5
2025-12-08,Monday,1003223,1185931,54.5
2025-12-09,Tuesday,1204567,1135260,23.3
2025-12-10,Wednesday,1528454,1595509,22.7
2025-12-11,Thursday,1107601,1274006,52.1
2025-12-12,Friday,895441,1198525,26.2
2025-12-13,Saturday,1415814,1625327,85.2
2025-12-14,Sunday,1697757,1175816,75.4
2025-12-15,Monday,1431113,1786775,100.0
2025-12-16,Tuesday,1260279,1794670,78.8
2025-12-17,Wednesday,1331843,1745915,99.6
2025-12-18,Thursday,980902,1894135,100.0
2025-12-19,Friday,1218609,1623951,94.8
2025-12-20,Saturday,1728202,1634908,93.3
2025-12-21,Sunday,1642334,2151819,100.0
2025-12-22,Monday,1282346,1717925,20.0
2025-12-23,Tuesday,1662191,1090072,69.1
2025-12-24,Wednesday,1095083,1201330,100.0
2025-12-25,Thursday,1258075,1611626,78.6
2025-12-26,Friday,1494260,1544205,41.5
2025-12-27,Saturday,1948880,1651873,84.4
2025-12-28,Sunday,1521565,2250228,100.0
2025-12-29,Monday,1287837,1437686,70.4
2025-12-30,Tuesday,1894187,1620484,92.9
2025-12-31,Wednesday,1632571,1584697,72.2
